<ImportExportXml version="9.2.23105.230" SolutionPackageVersion="9.2" languagecode="1041" generatedBy="CrmLive" xmlns:xsi="http://www.w3.org/2001/XMLSchema-instance">
  <SolutionManifest>
    <UniqueName>PerformanceTest</UniqueName>
    <LocalizedNames>
      <LocalizedName description="PerformanceTest" languagecode="1041" />
    </LocalizedNames>
    <Descriptions />
    <Version>1.0.0.0</Version>
    <Managed>0</Managed>
    <Publisher>
      <UniqueName>YA</UniqueName>
      <LocalizedNames>
        <LocalizedName description="YA" languagecode="1041" />
      </LocalizedNames>
      <Descriptions />
      <EMailAddress xsi:nil="true"></EMailAddress>
      <SupportingWebsiteUrl xsi:nil="true"></SupportingWebsiteUrl>
      <CustomizationPrefix>ya</CustomizationPrefix>
      <CustomizationOptionValuePrefix>12824</CustomizationOptionValuePrefix>
      <Addresses>
        <Address>
          <AddressNumber>1</AddressNumber>
          <AddressTypeCode>1</AddressTypeCode>
          <City xsi:nil="true"></City>
          <County xsi:nil="true"></County>
          <Country xsi:nil="true"></Country>
          <Fax xsi:nil="true"></Fax>
          <FreightTermsCode xsi:nil="true"></FreightTermsCode>
          <ImportSequenceNumber xsi:nil="true"></ImportSequenceNumber>
          <Latitude xsi:nil="true"></Latitude>
          <Line1 xsi:nil="true"></Line1>
          <Line2 xsi:nil="true"></Line2>
          <Line3 xsi:nil="true"></Line3>
          <Longitude xsi:nil="true"></Longitude>
          <Name xsi:nil="true"></Name>
          <PostalCode xsi:nil="true"></PostalCode>
          <PostOfficeBox xsi:nil="true"></PostOfficeBox>
          <PrimaryContactName xsi:nil="true"></PrimaryContactName>
          <ShippingMethodCode>1</ShippingMethodCode>
          <StateOrProvince xsi:nil="true"></StateOrProvince>
          <Telephone1 xsi:nil="true"></Telephone1>
          <Telephone2 xsi:nil="true"></Telephone2>
          <Telephone3 xsi:nil="true"></Telephone3>
          <TimeZoneRuleVersionNumber xsi:nil="true"></TimeZoneRuleVersionNumber>
          <UPSZone xsi:nil="true"></UPSZone>
          <UTCOffset xsi:nil="true"></UTCOffset>
          <UTCConversionTimeZoneCode xsi:nil="true"></UTCConversionTimeZoneCode>
        </Address>
        <Address>
          <AddressNumber>2</AddressNumber>
          <AddressTypeCode>1</AddressTypeCode>
          <City xsi:nil="true"></City>
          <County xsi:nil="true"></County>
          <Country xsi:nil="true"></Country>
          <Fax xsi:nil="true"></Fax>
          <FreightTermsCode xsi:nil="true"></FreightTermsCode>
          <ImportSequenceNumber xsi:nil="true"></ImportSequenceNumber>
          <Latitude xsi:nil="true"></Latitude>
          <Line1 xsi:nil="true"></Line1>
          <Line2 xsi:nil="true"></Line2>
          <Line3 xsi:nil="true"></Line3>
          <Longitude xsi:nil="true"></Longitude>
          <Name xsi:nil="true"></Name>
          <PostalCode xsi:nil="true"></PostalCode>
          <PostOfficeBox xsi:nil="true"></PostOfficeBox>
          <PrimaryContactName xsi:nil="true"></PrimaryContactName>
          <ShippingMethodCode>1</ShippingMethodCode>
          <StateOrProvince xsi:nil="true"></StateOrProvince>
          <Telephone1 xsi:nil="true"></Telephone1>
          <Telephone2 xsi:nil="true"></Telephone2>
          <Telephone3 xsi:nil="true"></Telephone3>
          <TimeZoneRuleVersionNumber xsi:nil="true"></TimeZoneRuleVersionNumber>
          <UPSZone xsi:nil="true"></UPSZone>
          <UTCOffset xsi:nil="true"></UTCOffset>
          <UTCConversionTimeZoneCode xsi:nil="true"></UTCConversionTimeZoneCode>
        </Address>
      </Addresses>
    </Publisher>
    <RootComponents>
      <RootComponent type="1" schemaName="systemuser" behavior="0" />
      <RootComponent type="1" schemaName="ya_record" behavior="0" />
      <RootComponent type="9" schemaName="ya_mychoice" behavior="0" />
      <RootComponent type="9" schemaName="ya_mymultiselect" behavior="0" />
      <RootComponent type="300" schemaName="ya_performancetest_d5334" behavior="0" />
      <RootComponent type="431" schemaName="ya_record ya_myimage" behavior="0" />
      <RootComponent type="432" schemaName="ya_record" behavior="0" />
    </RootComponents>
    <MissingDependencies>
      <MissingDependency>
        <Required type="1" schemaName="adx_webformsession" displayName="マルチステップ フォーム セッション" solution="PowerPages_RuntimeCore (1.0.2308.4)" />
        <Dependent type="1" schemaName="systemuser" displayName="ユーザー " />
      </MissingDependency>
      <MissingDependency>
        <Required type="1" schemaName="appusersetting" displayName="モデル駆動型アプリ ユーザー設定" solution="AppModule (9.1.231055.231026002)" />
        <Dependent type="1" schemaName="systemuser" displayName="ユーザー " />
      </MissingDependency>
      <MissingDependency>
        <Required type="1" schemaName="bot" displayName="チャットボット" solution="PowerVirtualAgents (2.0.0.633)">
          <package>msdynce_CustomerCareIntelligenceBots_Anchor (2.0.0.633)</package>
        </Required>
        <Dependent type="1" schemaName="systemuser" displayName="ユーザー " />
      </MissingDependency>
      <MissingDependency>
        <Required type="1" schemaName="componentversion" displayName="コンポーネントのバージョン" solution="msdyn_ComponentVersioning (9.1.0.76)" />
        <Dependent type="1" schemaName="systemuser" displayName="ユーザー " />
      </MissingDependency>
      <MissingDependency>
        <Required type="1" schemaName="mspp_adplacement" displayName="広告配置" solution="PowerPages_Apps (1.0.2309.1)" />
        <Dependent type="1" schemaName="systemuser" displayName="ユーザー " />
      </MissingDependency>
      <MissingDependency>
        <Required type="1" schemaName="mspp_columnpermission" displayName="列のアクセス許可" solution="PowerPages_Apps (1.0.2309.1)" />
        <Dependent type="1" schemaName="systemuser" displayName="ユーザー " />
      </MissingDependency>
      <MissingDependency>
        <Required type="1" schemaName="mspp_columnpermissionprofile" displayName="列のアクセス許可プロファイル" solution="PowerPages_Apps (1.0.2309.1)" />
        <Dependent type="1" schemaName="systemuser" displayName="ユーザー " />
      </MissingDependency>
      <MissingDependency>
        <Required type="1" schemaName="mspp_contentsnippet" displayName="コンテンツ スニペット" solution="PowerPages_Apps (1.0.2309.1)" />
        <Dependent type="1" schemaName="systemuser" displayName="ユーザー " />
      </MissingDependency>
      <MissingDependency>
        <Required type="1" schemaName="mspp_entityform" displayName="基本フォーム" solution="PowerPages_Apps (1.0.2309.1)" />
        <Dependent type="1" schemaName="systemuser" displayName="ユーザー " />
      </MissingDependency>
      <MissingDependency>
        <Required type="1" schemaName="mspp_entityformmetadata" displayName="基本フォーム メタデータ" solution="PowerPages_Apps (1.0.2309.1)" />
        <Dependent type="1" schemaName="systemuser" displayName="ユーザー " />
      </MissingDependency>
      <MissingDependency>
        <Required type="1" schemaName="mspp_entitylist" displayName="リスト" solution="PowerPages_Apps (1.0.2309.1)" />
        <Dependent type="1" schemaName="systemuser" displayName="ユーザー " />
      </MissingDependency>
      <MissingDependency>
        <Required type="1" schemaName="mspp_entitypermission" displayName="テーブルのアクセス許可" solution="PowerPages_Apps (1.0.2309.1)" />
        <Dependent type="1" schemaName="systemuser" displayName="ユーザー " />
      </MissingDependency>
      <MissingDependency>
        <Required type="1" schemaName="mspp_pagetemplate" displayName="ページ テンプレート" solution="PowerPages_Apps (1.0.2309.1)" />
        <Dependent type="1" schemaName="systemuser" displayName="ユーザー " />
      </MissingDependency>
      <MissingDependency>
        <Required type="1" schemaName="mspp_pollplacement" displayName="アンケート配置" solution="PowerPages_Apps (1.0.2309.1)" />
        <Dependent type="1" schemaName="systemuser" displayName="ユーザー " />
      </MissingDependency>
      <MissingDependency>
        <Required type="1" schemaName="mspp_publishingstate" displayName="公開状況" solution="PowerPages_Apps (1.0.2309.1)" />
        <Dependent type="1" schemaName="systemuser" displayName="ユーザー " />
      </MissingDependency>
      <MissingDependency>
        <Required type="1" schemaName="mspp_publishingstatetransitionrule" displayName="公開状況の移行ルール" solution="PowerPages_Apps (1.0.2309.1)" />
        <Dependent type="1" schemaName="systemuser" displayName="ユーザー " />
      </MissingDependency>
      <MissingDependency>
        <Required type="1" schemaName="mspp_redirect" displayName="リダイレクト" solution="PowerPages_Apps (1.0.2309.1)" />
        <Dependent type="1" schemaName="systemuser" displayName="ユーザー " />
      </MissingDependency>
      <MissingDependency>
        <Required type="1" schemaName="mspp_shortcut" displayName="ショートカット" solution="PowerPages_Apps (1.0.2309.1)" />
        <Dependent type="1" schemaName="systemuser" displayName="ユーザー " />
      </MissingDependency>
      <MissingDependency>
        <Required type="1" schemaName="mspp_sitemarker" displayName="サイト マーカー" solution="PowerPages_Apps (1.0.2309.1)" />
        <Dependent type="1" schemaName="systemuser" displayName="ユーザー " />
      </MissingDependency>
      <MissingDependency>
        <Required type="1" schemaName="mspp_sitesetting" displayName="サイト設定" solution="PowerPages_Apps (1.0.2309.1)" />
        <Dependent type="1" schemaName="systemuser" displayName="ユーザー " />
      </MissingDependency>
      <MissingDependency>
        <Required type="1" schemaName="mspp_webfile" displayName="Web ファイル" solution="PowerPages_Apps (1.0.2309.1)" />
        <Dependent type="1" schemaName="systemuser" displayName="ユーザー " />
      </MissingDependency>
      <MissingDependency>
        <Required type="1" schemaName="mspp_webform" displayName="マルチステップ フォーム" solution="PowerPages_Apps (1.0.2309.1)" />
        <Dependent type="1" schemaName="systemuser" displayName="ユーザー " />
      </MissingDependency>
      <MissingDependency>
        <Required type="1" schemaName="mspp_webformmetadata" displayName="マルチステップ フォームのメタデータ" solution="PowerPages_Apps (1.0.2309.1)" />
        <Dependent type="1" schemaName="systemuser" displayName="ユーザー " />
      </MissingDependency>
      <MissingDependency>
        <Required type="1" schemaName="mspp_webformstep" displayName="フォーム ステップ" solution="PowerPages_Apps (1.0.2309.1)" />
        <Dependent type="1" schemaName="systemuser" displayName="ユーザー " />
      </MissingDependency>
      <MissingDependency>
        <Required type="1" schemaName="mspp_weblink" displayName="Web リンク" solution="PowerPages_Apps (1.0.2309.1)" />
        <Dependent type="1" schemaName="systemuser" displayName="ユーザー " />
      </MissingDependency>
      <MissingDependency>
        <Required type="1" schemaName="mspp_weblinkset" displayName="Web リンク セット" solution="PowerPages_Apps (1.0.2309.1)" />
        <Dependent type="1" schemaName="systemuser" displayName="ユーザー " />
      </MissingDependency>
      <MissingDependency>
        <Required type="1" schemaName="mspp_webpage" displayName="Web ページ" solution="PowerPages_Apps (1.0.2309.1)" />
        <Dependent type="1" schemaName="systemuser" displayName="ユーザー " />
      </MissingDependency>
      <MissingDependency>
        <Required type="1" schemaName="mspp_webpageaccesscontrolrule" displayName="Web ページ アクセス制御ルール" solution="PowerPages_Apps (1.0.2309.1)" />
        <Dependent type="1" schemaName="systemuser" displayName="ユーザー " />
      </MissingDependency>
      <MissingDependency>
        <Required type="1" schemaName="mspp_webrole" displayName="Web ロール" solution="PowerPages_Apps (1.0.2309.1)" />
        <Dependent type="1" schemaName="systemuser" displayName="ユーザー " />
      </MissingDependency>
      <MissingDependency>
        <Required type="1" schemaName="mspp_website" displayName="Web サイト" solution="PowerPages_Apps (1.0.2309.1)" />
        <Dependent type="1" schemaName="systemuser" displayName="ユーザー " />
      </MissingDependency>
      <MissingDependency>
        <Required type="1" schemaName="mspp_websiteaccess" displayName="Web サイトのアクセス" solution="PowerPages_Apps (1.0.2309.1)" />
        <Dependent type="1" schemaName="systemuser" displayName="ユーザー " />
      </MissingDependency>
      <MissingDependency>
        <Required type="1" schemaName="mspp_websitelanguage" displayName="Web サイト言語" solution="PowerPages_Apps (1.0.2309.1)" />
        <Dependent type="1" schemaName="systemuser" displayName="ユーザー " />
      </MissingDependency>
      <MissingDependency>
        <Required type="1" schemaName="mspp_webtemplate" displayName="Web テンプレート" solution="PowerPages_Apps (1.0.2309.1)" />
        <Dependent type="1" schemaName="systemuser" displayName="ユーザー " />
      </MissingDependency>
      <MissingDependency>
        <Required type="1" schemaName="usermobileofflineprofilemembership" displayName="UserMobileOfflineProfileMembership" solution="MobileOfflineMembership (1.0.0.3)" />
        <Dependent type="1" schemaName="systemuser" displayName="ユーザー " />
      </MissingDependency>
    </MissingDependencies>
  </SolutionManifest>
</ImportExportXml>